# GNDS name	mev_per_decay
# Mean PROMPT recoverable energy per decay (MeV) from ENDF/B-VII.1
# decay tapes (MF8/MT457 summary components, uncertainties skipped).
# Daughter gammas belong to the daughter row: chain codes must sum
# members (e.g. Cs137 prompt + Ba137_m1 662 keV). Mean-field decay
# data evaluation; not for spectroscopy or safety calculations.
# Regenerate: python3 scripts/gen-nuclear-data.py --help.
Ac206	7.9446
Ac206_m1	7.9446
Ac207	7.84166
Ac208	7.64044
Ac208_m1	7.66
Ac209	7.72201
Ac210	7.42226
Ac211	7.61874
Ac212	6.42711
Ac213	7.50229
Ac214	7.0058
Ac215	7.73459
Ac216	9.22452
Ac216_m1	9.21619
Ac217	9.82788
Ac218	9.3739
Ac219	8.82225
Ac220	8.1949
Ac221	7.73451
Ac222	7.06077
Ac222_m1	6.37448
Ac223	6.75497
Ac224	0.838883
Ac225	5.93236
Ac226	0.421588
Ac227	0.0857893
Ac228	1.30311
Ac229	0.431434
Ac230	1.39467
Ac231	1.03869
Ac232	2.09126
Ac233	1.3348
Ac234	2.99267
Ac235	2.31133
Ac236	3.20666
Ag100	4.72571
Ag100_m1	2.37577
Ag101	2.31215
Ag101_m1	0.2741
Ag102	3.79421
Ag102_m1	1.93957
Ag103	1.013
Ag103_m1	0.1345
Ag104	2.77006
Ag104_m1	2.85504
Ag105	0.497026
Ag105_m1	0.0254271
Ag106	1.20714
Ag106_m1	2.81919
Ag107_m1	0.092149
Ag108	0.626481
Ag108_m1	1.63641
Ag109_m1	0.0870263
Ag110	1.20871
Ag110_m1	2.83473
Ag111	0.377373
Ag111_m1	0.0632825
Ag112	2.10954
Ag113	0.835729
Ag113_m1	0.429591
Ag114	2.40886
Ag114_m1	0.198236
Ag115	1.53363
Ag115_m1	1.27311
Ag116	3.70094
Ag116_m1	4.05399
Ag116_m2	3.9491
Ag117	2.60753
Ag117_m1	2.05547
Ag118	4.78412
Ag118_m1	2.8343
Ag119	3.16954
Ag119_m1	3.56667
Ag120	5.57551
Ag120_m1	3.3334
Ag121	3.76365
Ag122	4.94206
Ag122_m1	6.36241
Ag123	4.50083
Ag124	6.83254
Ag125	5.12196
Ag126	7.48008
Ag127	5.58311
Ag128	7.84285
Ag129	5.95184
Ag130	5.66082
Ag93	5.045
Ag94	9.126
Ag94_m1	8.69633
Ag94_m2	12.945
Ag95	5.53721
Ag95_m1	0.343504
Ag95_m2	2.48078
Ag95_m3	4.0887
Ag96	7.4606
Ag96_m1	7.1873
Ag97	5.0278
Ag98	6.06491
Ag99	3.64806
Ag99_m1	0.5061
Al21	2.287
Al22	10.8398
Al23	8.13502
Al24	11.5034
Al24_m1	2.0191
Al25	2.48617
Al26	3.11936
Al26_m1	2.45953
Al28	3.02014
Al29	2.35607
Al30	5.65601
Al31	4.10027
Al32	6.42218
Al33	7.8439
Al34	10.1508
Al35	9.1767
Al36	11.2558
Al37	10.9359
Al38	12.2531
Al39	12.636
Al40	14.7503
Al41	14.512
Al42	16.5632
Am231	5.134
Am232	3.47275
Am233	6.969
Am234	2.78933
Am235	1.67184
Am236	4.29183
Am237	0.400157
Am238	0.929843
Am239	0.373976
Am240	1.09605
Am241	5.62799
Am242	0.196223
Am242_m1	0.069867
Am242_m2	0.000389405
Am243	5.4344
Am244	1.12408
Am244_m1	0.532763
Am245	0.316616
Am246	1.582
Am246_m1	1.47414
Am247	0.702254
Am248	2.11333
Am249	1.6
Ar30	0.433
Ar31	13.0323
Ar32	7.31284
Ar33	7.45997
Ar34	3.39457
Ar35	3.31535
Ar37	0.00216489
Ar39	0.2188
Ar41	1.74765
Ar42	0.2326
Ar43	2.84394
Ar44	2.37022
Ar45	4.7356
Ar46	3.66465
Ar47	5.99094
Ar48	6.42733
Ar49	5.8724
Ar50	7.65946
Ar51	10.464
Ar52	10.0353
Ar53	10.828
As60	3.088
As61	2.501
As62	1.672
As63	1.43
As64	9.97533
As65	6.36237
As66	6.38558
As67	3.56566
As68	5.73034
As69	2.36277
As70	4.88881
As71	0.693523
As72	2.83685
As73	0.0097528
As74	1.02412
As75_m1	0.303865
As76	1.48204
As77	0.233723
As78	2.56459
As79	0.873019
As80	2.72998
As81	1.80534
As82	3.61301
As82_m1	4.93572
As83	3.76147
As84	6.35101
As85	3.74417
As86	7.10621
As87	5.60879
As88	6.4456
As89	4.68405
As90	7.48722
As91	6.3252
As92	6.05068
At193	7.49
At194	6.91775
At194_m1	4.61184
At195	7.33898
At195_m1	7.33898
At196	7.15685
At196_m1	0.1579
At197	7.00906
At197_m1	5.93131
At198	6.79049
At198_m1	6.82707
At199	6.52808
At200	5.97948
At200_m1	5.95461
At200_m2	3.36503
At201	5.70484
At202	5.43088
At202_m1	5.01635
At202_m2	0.397955
At203	4.29117
At204	2.81755
At204_m1	0.587058
At205	2.06203
At206	2.73034
At207	2.53782
At208	2.98158
At209	2.59111
At210	3.04989
At211	2.54468
At212	7.79447
At212_m1	8.02417
At213	9.25052
At214	8.97957
At215	8.17531
At216	7.96334
At217	7.19399
At218	6.86615
At219	6.14816
At220	2.07467
At221	1.56067
At222	2.95133
At223	2.11133
Au169	4.7
Au170	2.10017
Au170_m1	3.868
Au171	1.45179
Au171_m1	4.74252
Au172	6.83892
Au173	6.7911
Au173_m1	6.75987
Au174	6.69922
Au174_m1	6.699
Au175	6.55856
Au175_m1	6.49835
Au176	6.792
Au176_m1	7.03783
Au177	6.29682
Au177_m1	6.00273
Au178	6.31583
Au179	5.13342
Au180	5.89207
Au181	4.37387
Au182	5.24605
Au183	2.12426
Au184	4.676
Au184_m1	3.32525
Au185	3.21592
Au186	2.50291
Au187	2.47197
Au187_m1	0.117053
Au188	3.68143
Au189	1.93416
Au189_m1	2.1
Au190	2.29059
Au190_m1	0.2
Au191	0.598331
Au191_m1	0.258968
Au192	2.02604
Au192_m1	0.135
Au192_m2	0.423
Au193	0.219358
Au193_m1	0.281812
Au194	1.09615
Au194_m1	0.10097
Au194_m2	0.476189
Au195	0.133845
Au195_m1	0.316046
Au196	0.506719
Au196_m1	0.083258
Au196_m2	0.506575
Au197_m1	0.400431
Au198	0.730623
Au198_m1	0.795029
Au199	0.235333
Au200	1.00407
Au200_m1	1.84512
Au201	0.84
Au202	1.2671
Au203	0.795761
Au204	2.62667
Au205	2.358
B12	6.40683
B13	6.67822
B14	13.021
B15	13.3452
B16	0.085
B17	15.8211
B18	0.48
B19	19.1123
B6	7.419
B7	2.20664
B8	13.5538
B9	0.18583
Ba114	5.91213
Ba115	7.26102
Ba116	4.97891
Ba117	6.02356
Ba118	4.02467
Ba119	5.01998
Ba120	3.33333
Ba121	4.23848
Ba122	2.35543
Ba123	3.59246
Ba124	0.869493
Ba125	2.94664
Ba126	0.588297
Ba127	1.28546
Ba127_m1	0.0803
Ba128	0.074562
Ba129	0.478823
Ba129_m1	1.62333
Ba130_m1	2.4751
Ba131	0.535327
Ba131_m1	0.190659
Ba133	0.457203
Ba133_m1	0.286432
Ba135_m1	0.266418
Ba136_m1	2.02953
Ba137_m1	0.661397
Ba139	0.946444
Ba140	0.500411
Ba141	1.86329
Ba142	1.44246
Ba143	2.52497
Ba144	1.68732
Ba145	3.28937
Ba146	2.18376
Ba147	3.04266
Ba148	2.77495
Ba149	4.0007
Ba150	3.5663
Ba151	5.34592
Ba152	4.1131
Ba153	5.46367
Be10	0.20256
Be11	7.50112
Be12	5.6149
Be13	0.1
Be14	11.2979
Be15	1.772
Be16	1.581
Be5	4.527
Be6	1.372
Be7	0.0498618
Be8	0.09184
Bh260	10.47
Bh261	9.55618
Bh262	10.3005
Bh262_m1	10.32
Bh263	10.08
Bh264	9.967
Bh265	9.77
Bh266	9.552
Bh267	9.37
Bh269	8.8
Bi184	8.0248
Bi184_m1	8.02
Bi185	2.206
Bi186	7.7568
Bi186_m1	7.7568
Bi187	7.78895
Bi187_m1	6.84983
Bi188	7.31709
Bi188_m1	7.2552
Bi189	6.2406
Bi189_m1	6.39067
Bi190	6.833
Bi190_m1	6.70632
Bi191	5.7456
Bi191_m1	4.686
Bi192	6.05107
Bi192_m1	6.04368
Bi193	4.28756
Bi193_m1	6.26117
Bi194	5.48038
Bi194_m1	5.47836
Bi194_m2	5.47924
Bi195	3.79408
Bi195_m1	4.77664
Bi196	3.40567
Bi196_m1	2.59167
Bi196_m2	2.87694
Bi197	3.37408
Bi197_m1	4.7984
Bi198	4.45434
Bi198_m1	4.45381
Bi198_m2	0.2485
Bi199	2.95303
Bi199_m1	3.37323
Bi200	2.51213
Bi200_m1	3.91548
Bi200_m2	0.4282
Bi201	1.53391
Bi201_m1	2.95902
Bi202	2.6141
Bi203	2.17712
Bi203_m1	1.09418
Bi204	3.40351
Bi204_m1	0.799413
Bi204_m2	2.00796
Bi205	1.71717
Bi206	3.40544
Bi207	1.64927
Bi208	2.65235
Bi208_m1	1.5737
Bi209	3.13455
Bi210	0.389227
Bi210_m1	5.31329
Bi211	6.73024
Bi212	2.82506
Bi212_m1	6.95355
Bi212_m2	2.77338
Bi213	0.692581
Bi214	2.13735
Bi215	0.87145
Bi215_m1	1.853
Bi216	2.72674
Bi217	1.94667
Bi218	2.7008
Bk235	5.496
Bk237	5.02367
Bk238	3.26043
Bk240	2.62661
Bk241	4.354
Bk242	1.95333
Bk243	1.01386
Bk244	1.50822
Bk245	0.371827
Bk246	0.905986
Bk247	5.86431
Bk248	5.774
Bk248_m1	0.239816
Bk249	0.0324692
Bk250	1.19047
Bk251	0.429182
Bk253	1.08533
Bk254	2.034
Br67	1.635
Br68	0.56
Br69	0.45
Br70	7.00285
Br70_m1	8.53105
Br71	4.42939
Br72	5.58868
Br72_m1	0.101183
Br73	2.72714
Br74	5.68551
Br74_m1	5.05716
Br75	1.76413
Br76	3.43004
Br76_m1	0.112343
Br77	0.330117
Br77_m1	0.105796
Br78	2.05775
Br79_m1	0.207334
Br80	0.80149
Br80_m1	0.0854308
Br82	2.80559
Br82_m1	0.078176
Br83	0.337111
Br84	2.98673
Br84_m1	3.65545
Br85	1.10572
Br86	5.24086
Br87	5.00667
Br88	5.54303
Br89	4.26173
Br90	4.83717
Br91	4.50243
Br92	6.97551
Br93	5.39186
Br94	5.16391
Br95	5.18096
Br96	6.83599
Br97	6.14267
C10	2.56208
C11	1.40421
C14	0.04947
C15	6.35219
C16	4.15302
C17	7.71497
C18	7.51636
C19	9.4448
C20	10.305
C21	0.331
C22	13.6108
C8	2.141
C9	11.9704
Ca34	0.5
Ca35	11.6878
Ca36	7.13625
Ca37	7.41449
Ca38	3.79736
Ca39	3.58159
Ca41	0.00311175
Ca45	0.0768603
Ca46	0.494175
Ca47	1.34683
Ca48	1.6496
Ca49	4.04219
Ca50	2.91631
Ca51	4.8742
Ca52	5.16653
Ca53	5.69061
Ca54	7.092
Ca55	8.406
Ca56	8.054
Ca57	8.73867
Cd100	2.11509
Cd101	3.4687
Cd102	0.898956
Cd103	2.76542
Cd104	0.764141
Cd105	1.8246
Cd107	0.0270588
Cd109	0.0211024
Cd111_m1	0.3888
Cd113	0.09262
Cd113_m1	0.185726
Cd115	0.511232
Cd115_m1	0.637353
Cd116	1.40436
Cd117	1.50777
Cd117_m1	2.23979
Cd118	0.1629
Cd119	2.27711
Cd119_m1	2.68706
Cd120	0.681
Cd121	2.86881
Cd121_m1	3.31457
Cd122	1.229
Cd123	3.66101
Cd123_m1	4.11734
Cd124	2.89838
Cd125	4.04711
Cd125_m1	4.40378
Cd126	3.81651
Cd127	6.54146
Cd128	4.7475
Cd129	7.08288
Cd130	5.11456
Cd131	5.26965
Cd132	6.21946
Cd95	8.95925
Cd96	6.03333
Cd97	6.58371
Cd98	3.53778
Cd99	4.51852
Ce119	7.402
Ce120	5.42733
Ce121	6.58356
Ce122	4.38837
Ce123	5.744
Ce124	3.75467
Ce125	4.73467
Ce126	2.76861
Ce127	3.94677
Ce127_m1	3.9468
Ce128	2.06532
Ce129	3.35908
Ce130	0.568256
Ce131	2.70781
Ce131_m1	2.74987
Ce132	0.290156
Ce132_m1	2.3411
Ce133	0.919578
Ce133_m1	2.07217
Ce134	0.0352873
Ce135	0.85298
Ce135_m1	0.445223
Ce137	0.0538946
Ce137_m1	0.259235
Ce138_m1	2.12904
Ce139	0.195746
Ce139_m1	0.752972
Ce141	0.246831
Ce142	0.70836
Ce143	0.709344
Ce144	0.110588
Ce145	1.50266
Ce146	0.572734
Ce147	2.24554
Ce148	1.10386
Ce149	3.16711
Ce150	1.88571
Ce151	2.97374
Ce152	2.61562
Ce153	4.43356
Ce154	3.11941
Ce155	4.3127
Ce156	3.69255
Ce157	5.37446
Cf239	5.19133
Cf240	7.56442
Cf241	3.54325
Cf242	6.2264
Cf243	2.31821
Cf244	7.3289
Cf245	3.28355
Cf246	6.86161
Cf247	0.140531
Cf248	6.35703
Cf249	6.2697
Cf250	6.12215
Cf251	6.15996
Cf252	6.03228
Cf253	0.113894
Cf254	0.0183731
Cf255	0.48
Cf256	5.558e-09
Cl28	3.193
Cl29	2.405
Cl30	0.311
Cl31	7.95939
Cl32	8.44986
Cl33	3.13015
Cl34	3.07158
Cl34_m1	2.57411
Cl36	0.297613
Cl38	3.03077
Cl38_m1	0.671426
Cl39	2.27677
Cl40	5.5987
Cl41	3.84021
Cl42	6.33979
Cl43	5.06777
Cl44	7.62419
Cl45	6.90463
Cl46	7.39107
Cl47	10.0747
Cl48	12.3887
Cl49	11.954
Cl50	14.1213
Cl51	13.5627
Cm233	5.10758
Cm234	3.23802
Cm235	4.683
Cm236	4.11933
Cm237	4.302
Cm238	1.24584
Cm239	1.20538
Cm240	6.39883
Cm241	0.678754
Cm242	6.21534
Cm243	6.17791
Cm244	5.90107
Cm244_m1	191.8
Cm245	5.65194
Cm246	5.5201
Cm247	5.35307
Cm248	4.72674
Cm249	0.29865
Cm250	141.458
Cm251	0.559978
Co49	5.65
Co50	10.6212
Co51	8.63133
Co52	9.61133
Co53	4.49162
Co53_m1	7.56092
Co54	4.42095
Co54_m1	6.0128
Co55	2.43032
Co56	3.76107
Co57	0.143804
Co58	1.00878
Co58_m1	0.024744
Co60	2.60061
Co60_m1	0.0630449
Co61	0.563911
Co62	3.23687
Co62_m1	3.52237
Co63	1.71131
Co64	3.46963
Co65	2.77231
Co66	5.89041
Co67	4.45996
Co68	7.49718
Co68_m1	7.7011
Co69	6.6507
Co70	9.04695
Co70_m1	9.04695
Co71	7.62879
Co72	8.69158
Co73	7.01795
Co74	9.38499
Co75	8.07854
Cr42	9.38333
Cr43	10.9969
Cr44	7.25324
Cr45	8.37053
Cr46	4.10433
Cr47	4.034
Cr48	0.442375
Cr49	1.6582
Cr51	0.0366796
Cr55	1.10167
Cr56	0.704644
Cr57	2.49246
Cr58	2.66186
Cr59	5.08919
Cr60	4.30934
Cr61	6.37428
Cr62	5.17756
Cr63	7.50467
Cr64	6.48333
Cr65	8.79333
Cr66	8.27333
Cr67	9.576
Cs112	0.8143
Cs113	0.97353
Cs114	8.16135
Cs115	5.9702
Cs116	7.26224
Cs116_m1	7.37562
Cs117	5.12816
Cs117_m1	5.22816
Cs118	6.44535
Cs118_m1	6.44535
Cs119	4.32624
Cs119_m1	4.326
Cs120	5.52252
Cs120_m1	5.52267
Cs121	2.89305
Cs121_m1	3.02219
Cs122	3.92781
Cs122_m1	0.1271
Cs122_m2	4.90192
Cs123	2.07381
Cs123_m1	0.158252
Cs124	3.28209
Cs124_m1	0.4626
Cs125	1.10747
Cs125_m1	0.2661
Cs126	2.47137
Cs127	0.459836
Cs128	1.76938
Cs129	0.297234
Cs130	0.889978
Cs130_m1	0.159431
Cs131	0.0296388
Cs132	0.728426
Cs134	1.7185
Cs134_m1	0.134097
Cs135	0.0757
Cs135_m1	1.6333
Cs136	2.05068
Cs136_m1	0.8744
Cs137	0.179448
Cs138	3.60519
Cs138_m1	0.738559
Cs139	1.96749
Cs140	3.75769
Cs141	3.19842
Cs142	3.87109
Cs143	2.82277
Cs144	6.27162
Cs144_m1	5.66667
Cs145	3.23373
Cs146	6.11155
Cs147	4.71561
Cs148	5.74117
Cs149	3.87795
Cs150	3.8352
Cs151	4.29389
Cu52	2.315
Cu53	6.478
Cu54	1.02
Cu55	4.772
Cu56	10.446
Cu57	4.73992
Cu58	4.86458
Cu59	2.93192
Cu60	4.81402
Cu61	1.13251
Cu62	2.29761
Cu64	0.311879
Cu66	1.16446
Cu67	0.270948
Cu68	2.49175
Cu68_m1	1.15669
Cu69	1.41413
Cu70	4.81978
Cu70_m1	2.3675
Cu70_m2	4.26072
Cu71	3.07852
Cu72	5.31172
Cu73	3.1925
Cu74	5.63985
Cu75	4.71754
Cu76	6.07604
Cu76_m1	7.44266
Cu77	5.86581
Cu78	6.86305
Cu79	5.514
Cu80	7.27317
Cu81	7.14747
Db255	7.776
Db256	7.60712
Db257	8.6762
Db257_m1	8.0301
Db258	7.45097
Db258_m1	3.56533
Db259	9.6188
Db260	8.34493
Db261	7.55958
Db262	6.033
Db263	3.70446
Db264	8.66
Db265	8.49
Ds267	12.277
Ds268	11.66
Ds269	11.5846
Ds270	11.1737
Ds270_m1	8.97
Ds271	10.8697
Ds271_m1	10.87
Ds273	11.3679
Ds279_m1	0.96
Dy138	5.774
Dy139	7.54338
Dy140	5.09533
Dy141	6.14933
Dy142	4.73318
Dy143	5.408
Dy143_m1	5.408
Dy144	2.68991
Dy145	4.84923
Dy145_m1	4.92158
Dy146	2.50661
Dy146_m1	3.18863
Dy147	4.37611
Dy147_m1	3.42575
Dy148	0.744266
Dy149	1.7212
Dy149_m1	2.66932
Dy150	1.71899
Dy151	1.46794
Dy152	0.302461
Dy153	0.79659
Dy154	2.94455
Dy155	0.672108
Dy157	0.359022
Dy157_m1	0.198988
Dy159	0.05703
Dy165	0.475999
Dy165_m1	0.120974
Dy166	0.211726
Dy167	1.23807
Dy168	0.834743
Dy169	1.47416
Dy170	1.72
Dy171	2.932
Dy172	2.466
Dy173	3.666
Er143	7.196
Er144	5.52667
Er146	4.716
Er147	5.85867
Er147_m1	5.85867
Er148	4.24267
Er149	5.28553
Er149_m1	4.9138
Er150	2.74335
Er151	2.62062
Er151_m1	2.45604
Er152	4.54709
Er153	3.36471
Er154	0.129929
Er155	2.54979
Er156	0.096972
Er157	2.27273
Er157_m1	0.1554
Er158	0.255827
Er159	0.761284
Er160	0.219717
Er161	1.01427
Er163	0.0473933
Er165	0.0462132
Er167_m1	0.208277
Er169	0.10271
Er171	0.792172
Er172	0.626681
Er173	1.52659
Er174	1.28
Er175	2.44267
Er176	1.866
Er177	3.066
Es240	6.264
Es241	5.654
Es242	6.22787
Es243	4.21314
Es244	3.22752
Es245	4.38411
Es246	3.05498
Es247	2.05784
Es247_m1	7.461
Es248	2.05347
Es249	0.489261
Es250	1.53389
Es250_m1	0.57136
Es251	0.148784
Es252	5.46615
Es253	6.74093
Es254	6.57297
Es254_m1	0.786019
Es255	0.692512
Es256	1.13333
Es256_m1	1.13333
Es257	0.271333
Es258	3.71667
Eu130	1.028
Eu131	1.63126
Eu132	4.45017
Eu133	6.502
Eu134	7.78733
Eu135	5.77533
Eu136	7.138
Eu136_m1	7.13591
Eu136_m2	4.8195
Eu137	5.33933
Eu138	6.49875
Eu139	4.65478
Eu140	4.42181
Eu140_m1	0.0559076
Eu141	2.98846
Eu141_m1	0.473469
Eu142	3.96292
Eu142_m1	4.8607
Eu143	2.48449
Eu144	3.16637
Eu145	1.30521
Eu146	2.4459
Eu147	0.47723
Eu148	2.24906
Eu149	0.0851648
Eu150	1.63401
Eu150_m1	0.362342
Eu151	1.96393
Eu152	1.29793
Eu152_m1	0.805312
Eu152_m2	0.144769
Eu154	1.51549
Eu154_m1	0.153703
Eu155	0.12404
Eu156	1.68643
Eu157	0.683735
Eu158	2.18711
Eu159	1.20867
Eu160	3.05333
Eu161	2.91457
Eu162	4.47319
Eu163	3.58547
Eu164	5.26939
Eu165	4.2264
Eu166	5.12933
Eu167	4.664
F14	1.56
F15	1.51649
F16	0.53568
F17	1.75927
F18	1.2302
F20	4.11525
F21	2.90034
F22	7.53609
F23	5.65586
F24	8.68143
F25	8.65709
F26	11.8056
F27	12.1837
F28	14.5333
F29	15.7357
F30	0.377
F31	17.7932
Fe45	14.8133
Fe46	9.14293
Fe47	11.5855
Fe48	7.42003
Fe49	8.34768
Fe50	5.42595
Fe51	4.33151
Fe52	0.927924
Fe52_m1	6.86777
Fe53	2.27345
Fe53_m1	3.05469
Fe55	0.0058421
Fe59	1.30601
Fe60	0.05018
Fe61	2.51541
Fe62	1.3321
Fe63	3.01961
Fe64	2.28426
Fe65	4.74236
Fe65_m1	5.1652
Fe66	4.22713
Fe67	6.4197
Fe68	5.85599
Fe69	7.73733
Fe70	6.22267
Fe71	8.582
Fe72	5.65813
Fm243	8.6891
Fm245	8.42657
Fm246	7.64628
Fm247	5.0975
Fm248	7.50953
Fm249	3.66785
Fm250	6.85723
Fm250_m1	1.51138
Fm251	0.313068
Fm252	7.1483
Fm253	1.06091
Fm254	7.30164
Fm255	7.26903
Fm256	0.569204
Fm257	6.88242
Fr199	7.81
Fr200	7.6207
Fr201	7.50749
Fr202	7.38897
Fr202_m1	7.38897
Fr203	7.25554
Fr204	6.8827
Fr204_m1	7.17
Fr204_m2	7.10216
Fr205	7.05486
Fr206	6.65544
Fr206_m1	6.65544
Fr206_m2	0.87717
Fr207	6.74508
Fr208	6.33681
Fr209	6.41022
Fr210	5.65623
Fr211	5.94103
Fr212	4.01936
Fr213	6.87422
Fr214	8.57723
Fr214_m1	8.66041
Fr215	9.53414
Fr216	8.77649
Fr217	8.46827
Fr218	8.01355
Fr218_m1	7.66478
Fr219	7.44446
Fr220	6.6944
Fr221	6.50818
Fr222	0.883
Fr223	0.420027
Fr224	1.40886
Fr225	1.21333
Fr226	1.65324
Fr227	1.2006
Fr228	2.10254
Fr229	1.52187
Fr230	2.59808
Fr231	1.81632
Fr232	2.50691
Ga56	2.92
Ga57	2.296
Ga58	1.448
Ga59	1.038
Ga60	9.13373
Ga61	6.17
Ga62	4.88015
Ga63	3.33548
Ga64	5.06248
Ga65	1.99774
Ga66	3.4674
Ga67	0.194557
Ga68	1.691
Ga70	0.651337
Ga72	3.246
Ga72_m1	0.11966
Ga73	0.791717
Ga74	4.02358
Ga74_m1	0.646779
Ga75	1.69037
Ga76	4.67279
Ga77	2.76408
Ga78	5.12156
Ga79	4.48742
Ga80	6.18286
Ga81	4.62472
Ga82	8.02493
Ga83	5.21662
Ga84	8.03844
Ga85	5.4952
Ga86	6.60276
Gd134	5.502
Gd135	6.82932
Gd136	4.788
Gd137	5.86867
Gd138	3.98133
Gd139	5.246
Gd139_m1	5.246
Gd140	3.46913
Gd141	3.44672
Gd141_m1	4.24194
Gd142	1.77015
Gd143	3.03389
Gd143_m1	3.34707
Gd144	1.48473
Gd145	2.78908
Gd145_m1	0.870346
Gd146	0.377287
Gd147	1.35257
Gd148	3.26871
Gd149	0.595215
Gd150	2.79869
Gd151	0.107632
Gd152	2.20299
Gd153	0.147237
Gd155_m1	0.113723
Gd159	0.365
Gd160	0.86472
Gd161	0.971412
Gd162	0.756837
Gd163	1.96013
Gd164	1.31547
Gd165	3.08852
Gd166	2.26667
Gd167	3.4
Gd168	2.86667
Gd169	4.06667
Ge58	2.906
Ge59	1.518
Ge60	4.11383
Ge61	9.6826
Ge62	6.49533
Ge63	6.41725
Ge64	3.012
Ge65	4.11775
Ge66	0.780745
Ge67	2.81399
Ge68	0.00912151
Ge69	1.07112
Ge71	0.00909156
Ge71_m1	0.197513
Ge73_m1	0.0661616
Ge75	0.455559
Ge75_m1	0.139626
Ge77	1.7288
Ge77_m1	1.04084
Ge78	0.50621
Ge79	2.02262
Ge79_m1	2.48598
Ge80	1.19302
Ge81	4.25704
Ge81_m1	3.98211
Ge82	3.54993
Ge83	5.1673
Ge84	4.12249
Ge85	5.38678
Ge86	5.02336
Ge87	6.56542
Ge88	5.79731
Ge89	6.73336
H3	0.00569
H4	2.88039
H5	0.2
H6	0.9
H7	0.1074
He10	0.95768
He5	0.89
He6	1.56762
He7	0.403
He8	5.18534
He9	0.1
Hf153	7.404
Hf154	4.55667
Hf155	5.63467
Hf156	5.84288
Hf157	5.77811
Hf158	4.29189
Hf159	4.80206
Hf160	2.90258
Hf161	4.16314
Hf162	2.44267
Hf163	3.67009
Hf164	1.88055
Hf165	3.20451
Hf166	0.25322
Hf167	2.68891
Hf168	1.13573
Hf169	2.24028
Hf170	0.704229
Hf171	1.60146
Hf171_m1	0.0193254
Hf172	0.184344
Hf173	0.445584
Hf174	2.55747
Hf175	0.397277
Hf177_m1	1.51897
Hf177_m2	1.3921
Hf178_m1	1.13911
Hf178_m2	1.29977
Hf179_m1	0.374441
Hf179_m2	1.10063
Hf180_m1	1.11479
Hf181	0.7301
Hf182	0.303223
Hf182_m1	1.06356
Hf183	1.18286
Hf184	0.710725
Hf184_m1	1.26633
Hf185	2.02467
Hf186	1.452
Hf187	2.666
Hf188	1.956
Hg171	7.617
Hg172	7.52525
Hg173	7.36954
Hg174	7.20777
Hg175	6.96891
Hg176	6.74978
Hg177	6.60234
Hg178	5.80603
Hg179	5.87901
Hg180	4.85922
Hg181	5.20566
Hg182	3.58252
Hg183	4.46643
Hg184	2.67986
Hg185	3.91287
Hg185_m1	1.83098
Hg186	0.570964
Hg187	3.258
Hg187_m1	3.25802
Hg188	0.221538
Hg189	2.63411
Hg189_m1	2.63411
Hg190	0.238564
Hg191	2.14422
Hg191_m1	2.14422
Hg192	0.331003
Hg193	0.868855
Hg193_m1	1.45969
Hg194	0.00955277
Hg195	0.211252
Hg195_m1	0.286603
Hg197	0.141129
Hg197_m1	0.272489
Hg199_m1	0.517538
Hg203	0.3486
Hg205	0.546175
Hg205_m1	1.5564
Hg206	0.52662
Hg207	3.21
Hg208	2.43533
Hg209	3.528
Hg210	2.586
Ho140	1.0939
Ho141	1.17678
Ho142	8.324
Ho143	6.15608
Ho144	7.592
Ho145	6.07
Ho146	7.32467
Ho147	5.56692
Ho148	5.02082
Ho148_m1	6.56081
Ho148_m2	0.795
Ho149	4.01783
Ho149_m1	3.33778
Ho150	4.9127
Ho150_m1	4.87159
Ho151	3.69869
Ho151_m1	4.47833
Ho152	4.3637
Ho152_m1	3.88753
Ho153	1.44813
Ho153_m1	2.80171
Ho154	3.83601
Ho154_m1	3.83597
Ho155	2.07518
Ho155_m1	0.138503
Ho156	3.45019
Ho156_m1	0.047318
Ho156_m2	2.6
Ho157	0.613184
Ho158	2.81406
Ho158_m1	0.597614
Ho158_m2	2.7412
Ho159	0.434059
Ho159_m1	0.203658
Ho160	2.192
Ho160_m1	0.6468
Ho160_m2	0.196263
Ho161	0.0888676
Ho161_m1	0.212781
Ho162	0.218411
Ho162_m1	0.723267
Ho163	0.00129145
Ho163_m1	0.297708
Ho164	0.175517
Ho164_m1	0.136269
Ho166	0.723541
Ho166_m1	1.73839
Ho167	0.572541
Ho168	1.6545
Ho168_m1	0.059
Ho169	1.41706
Ho170	2.46078
Ho170_m1	2.07845
Ho171	2.13333
Ho172	3.39333
Ho173	2.934
Ho174	4.2
Ho175	3.734
Hs263	10.67
Hs264	5.29534
Hs265	10.4814
Hs265_m1	10.74
Hs266	10.1929
Hs267	8.096
Hs268	9.623
Hs269	9.63
Hs273	9.73
I108	4.47562
I109	0.81952
I110	7.00342
I111	5.7533
I112	7.00274
I113	4.81835
I114	6.06133
I114_m1	5.70106
I115	3.81664
I116	5.18449
I117	3.10826
I118	4.07065
I118_m1	4.69164
I119	1.51396
I120	3.27444
I120_m1	3.95667
I121	0.469753
I122	2.07075
I123	0.200662
I124	1.30961
I125	0.0604671
I126	0.595931
I128	0.813607
I129	0.0743377
I130	2.4164
I130_m1	0.284413
I131	0.573438
I132	2.75631
I132_m1	0.491884
I133	1.01889
I133_m1	1.63373
I134	3.18588
I134_m1	0.330657
I135	1.91683
I136	4.30779
I136_m1	4.78031
I137	3.09914
I138	4.50844
I139	4.56797
I140	5.95232
I141	4.71095
I142	4.82345
I143	3.36984
I144	5.44967
I145	4.32649
In100	6.46581
In101	4.81467
In102	6.69628
In103	4.01509
In103_m1	3.18073
In104	5.19048
In104_m1	1.12536
In105	2.88843
In105_m1	0.674098
In106	4.35098
In106_m1	4.37005
In107	1.84694
In107_m1	0.678347
In108	3.42422
In108_m1	3.44409
In109	0.666067
In109_m1	0.650113
In109_m2	2.08595
In110	2.58533
In110_m1	2.18825
In111	0.439571
In111_m1	0.537159
In112	0.507102
In112_m1	0.155939
In113_m1	0.391594
In114	0.776072
In114_m1	0.222768
In114_m2	0.311639
In115	0.154
In115_m1	0.334359
In116	1.38555
In116_m1	2.80404
In116_m2	0.162105
In117	0.95746
In117_m1	0.524578
In118	1.95809
In118_m1	3.40266
In118_m2	0.182628
In119	1.34687
In119_m1	1.0556
In120	2.50068
In120_m1	3.99636
In120_m2	4.44944
In121	1.90927
In121_m1	1.58054
In122	3.16315
In122_m1	4.40092
In122_m2	4.86818
In123	2.41661
In123_m1	2.07304
In124	4.70278
In124_m1	5.17168
In125	3.05059
In125_m1	2.60293
In126	5.164
In126_m1	6.09607
In127	3.74932
In127_m1	3.48832
In128	5.71371
In128_m1	4.18454
In129	4.73031
In129_m1	3.89609
In130	6.38269
In130_m1	5.09514
In130_m2	6.63891
In131	5.66352
In131_m1	5.66352
In131_m2	5.75871
In132	9.7467
In133	6.65985
In133_m1	6.65714
In134	6.029
In135	6.81594
In97	4.96833
In98	9.15
In98_m1	9.15
In99	5.70333
Ir164	7.883
Ir164_m1	5.988
Ir165	4.186
Ir166	6.33591
Ir166_m1	6.79595
Ir167	4.72064
Ir167_m1	6.55685
Ir168	6.4775
Ir168_m1	6.5117
Ir169	5.95545
Ir169_m1	5.46039
Ir170	7.02172
Ir170_m1	4.13861
Ir171	4.35
Ir171_m1	4.0555
Ir172	6.46609
Ir172_m1	6.5458
Ir173	4.84133
Ir173_m1	4.89091
Ir174	6.08274
Ir174_m1	6.20407
Ir175	4.45876
Ir176	5.4834
Ir177	2.12444
Ir178	4.86287
Ir179	3.29516
Ir180	4.25422
Ir181	2.72077
Ir182	3.70493
Ir183	1.08554
Ir184	2.00172
Ir185	1.6492
Ir186	2.55102
Ir186_m1	1.91326
Ir187	0.338937
Ir187_m1	0.186
Ir188	2.08611
Ir188_m1	0.925
Ir189	0.121686
Ir189_m1	0.364235
Ir189_m2	2.40435
Ir190	1.5484
Ir190_m1	0.0172132
Ir190_m2	0.0845214
Ir191_m1	0.167754
Ir191_m2	2.046
Ir192	1.03337
Ir192_m1	0.0548013
Ir192_m2	0.158237
Ir193_m1	0.0723595
Ir194	0.893869
Ir194_m1	0.143307
Ir194_m2	2.41808
Ir195	0.360008
Ir195_m1	0.693517
Ir196	1.37966
Ir196_m1	2.414
Ir197	1.43733
Ir197_m1	1.5105
Ir198	2.72467
Ir199	1.99432
K32	2.515
K33	1.953
K34	0.875
K35	7.85815
K36	8.95335
K37	3.41981
K38	4.39316
K38_m1	3.34224
K40	0.655323
K42	1.70925
K43	1.2817
K44	3.82528
K45	2.8178
K46	4.97398
K47	4.43312
K48	9.11012
K49	4.84695
K50	8.26725
K51	8.40389
K52	9.31483
K53	9.176
K54	12.4573
K55	11.992
Kr100	6.22365
Kr69	9.344
Kr70	6.56335
Kr71	6.73626
Kr72	3.0959
Kr73	4.09616
Kr74	1.71381
Kr75	2.80572
Kr76	0.424025
Kr77	1.72171
Kr79	0.278567
Kr79_m1	0.130198
Kr81	0.0120611
Kr81_m1	0.190395
Kr83_m1	0.0412866
Kr85	0.252834
Kr85_m1	0.411988
Kr87	2.12302
Kr88	2.3229
Kr89	3.39884
Kr90	2.68811
Kr91	4.00065
Kr92	3.4221
Kr93	5.10191
Kr94	3.84683
Kr95	6.19834
Kr96	4.49844
Kr97	6.14238
Kr98	5.20401
Kr99	7.68376
La117	1.2159
La117_m1	1.13849
La118	8.50133
La119	6.41533
La120	7.46733
La121	5.56133
La122	6.71067
La123	4.632
La124	5.88744
La124_m1	5.88727
La125	3.93904
La125_m1	0.107
La126	5.13096
La126_m1	5.13066
La127	3.27987
La127_m1	3.28973
La128	4.49818
La128_m1	4.49867
La129	1.55375
La129_m1	0.1721
La130	3.32556
La131	0.86457
La132	2.71432
La132_m1	0.926961
La133	0.177999
La134	1.50091
La135	0.0420567
La136	0.718928
La136_m1	0.23
La137	0.0321834
La138	1.26416
La140	2.84382
La141	0.989304
La142	3.07178
La143	1.64855
La144	4.17888
La145	2.97082
La146	3.58919
La146_m1	4.39333
La147	2.47698
La148	4.12881
La149	4.31207
La150	5.42907
La151	4.91857
La152	6.68314
La153	3.80271
La154	6.11258
La155	4.62351
Li10	0.0264
Li11	13.7007
Li12	0.12
Li4	3.103
Li5	1.965
Li8	9.36285
Li9	5.72615
Lr251	6.462
Lr252	4.41156
Lr253	8.82048
Lr253_m1	8.22173
Lr254	7.48939
Lr255	7.63465
Lr255_m1	3.45922
Lr256	7.89698
Lr257	9.008
Lr258	8.455
Lr259	6.69552
Lr260	5.61497
Lr263	7.62
Lu150	3.80605
Lu151	3.55424
Lu152	8.43392
Lu153	3.9758
Lu153_m1	4.43366
Lu154	6.91067
Lu154_m1	6.91067
Lu155	5.7524
Lu155_m1	5.70116
Lu155_m2	7.584
Lu156	5.63311
Lu156_m1	5.59574
Lu157	5.10732
Lu157_m1	4.69345
Lu158	5.85716
Lu159	4.08574
Lu160	5.26645
Lu160_m1	5.26645
Lu161	3.52125
Lu161_m1	0.166
Lu162	4.66311
Lu162_m1	4.66311
Lu162_m2	4.66311
Lu163	3.00854
Lu164	4.25356
Lu165	2.5633
Lu166	2.71315
Lu166_m1	2.18249
Lu166_m2	3.00079
Lu167	1.33948
Lu167_m1	1.03098
Lu168	3.007
Lu168_m1	2.50594
Lu169	1.20013
Lu169_m1	0.0265931
Lu170	2.56114
Lu170_m1	0.0855107
Lu171	0.733109
Lu171_m1	0.0695191
Lu172	2.05857
Lu172_m1	0.0354432
Lu173	0.230574
Lu174	0.15804
Lu174_m1	0.167116
Lu176	0.772374
Lu176_m1	0.49032
Lu177	0.181327
Lu177_m1	0.247635
Lu177_m2	2.1338
Lu178	0.876103
Lu178_m1	1.53523
Lu179	0.519696
Lu179_m1	0.592
Lu180	2.13813
Lu180_m1	0.624
Lu181	1.78133
Lu182	2.786
Lu183	1.82122
Lu184	3.39267
Md245	4.512
Md245_m1	6.176
Md246	8.88871
Md247	8.834
Md247_m1	8.764
Md248	4.53287
Md249	6.06607
Md249_m1	8.46
Md250	3.41069
Md251	2.6232
Md252	2.542
Md253	1.30067
Md254	1.74
Md254_m1	1.74
Md255	1.27073
Md256	1.95672
Md257	1.35062
Md258	7.27128
Md258_m1	0.842
Md259	0.0912438
Md260	1.93674
Md261	6.75
Mg19	0.75
Mg20	6.93879
Mg21	8.47319
Mg22	3.08337
Mg23	2.39487
Mg27	1.59305
Mg28	1.53104
Mg29	4.52716
Mg30	4.65361
Mg31	7.76818
Mg32	6.63919
Mg33	8.41133
Mg34	7.73837
Mg35	9.37015
Mg36	9.61985
Mg37	12.32
Mg38	12.3218
Mg39	0.13
Mg40	14.6657
Mn44	7.27917
Mn45	1.058
Mn46	11.1231
Mn47	8.11041
Mn48	8.98489
Mn49	4.19929
Mn50	4.12265
Mn50_m1	5.24232
Mn51	1.93252
Mn52	3.53271
Mn52_m1	3.50731
Mn53	0.00538733
Mn54	0.840173
Mn56	2.52264
Mn57	1.20482
Mn58	2.86895
Mn58_m1	4.13446
Mn59	2.5977
Mn60	3.834
Mn60_m1	5.17422
Mn61	3.47595
Mn62	6.86303
Mn62_m1	7.2413
Mn63	5.83242
Mn64	6.55359
Mn65	6.67581
Mn66	8.44707
Mn67	8.56533
Mn68	8.34979
Mn69	9.346
Mo100	1.517
Mo101	1.9735
Mo102	0.369428
Mo103	2.15555
Mo104	1.01935
Mo105	3.456
Mo106	1.8326
Mo107	3.00235
Mo108	2.59744
Mo109	4.67414
Mo110	2.64642
Mo111	5.71794
Mo112	4.29132
Mo113	6.41563
Mo114	5.06927
Mo115	6.49777
Mo83	7.81667
Mo84	4.34667
Mo85	5.84378
Mo86	3.3493
Mo87	3.67842
Mo88	2.32598
Mo89	3.21296
Mo89_m1	0.38675
Mo90	0.671428
Mo91	2.427
Mo91_m1	1.94485
Mo93	0.0161427
Mo93_m1	2.41581
Mo99	0.543174
Mt265	10.99
Mt266	10.9956
Mt266_m1	11
Mt267	10.87
Mt268	10.732
Mt269	10.5
Mt270	10.35
Mt271	10.14
Mt273	5.3
N10	2.60173
N11	1.63592
N12	8.91914
N13	1.51085
N16	7.25857
N17	2.68441
N18	8.13843
N19	7.30079
N20	9.57953
N21	10.3071
N22	13.29
N23	15.8813
N24	1.029
N25	0.89
Na18	1.251
Na19	0.32125
Na20	8.7823
Na21	2.13948
Na22	2.38765
Na24	4.67692
Na24_m1	0.47335
Na25	1.94234
Na26	5.52813
Na27	4.85839
Na28	7.34182
Na29	8.49592
Na30	10.4454
Na31	10.4102
Na32	12.255
Na33	12.483
Na34	15.1061
Na35	14.8
Na36	0.017
Na37	17.9515
Nb100	3.26068
Nb100_m1	4.22271
Nb101	2.22943
Nb102	4.39958
Nb102_m1	4.83928
Nb103	3.54292
Nb104	5.51544
Nb104_m1	5.51619
Nb105	4.46945
Nb106	5.95073
Nb107	5.31058
Nb108	7.4732
Nb109	5.22072
Nb110	7.54234
Nb111	3.94622
Nb112	4.93376
Nb113	4.93727
Nb81	2.91962
Nb82	5.85911
Nb83	5
Nb84	6.03401
Nb85	4.5971
Nb85_m1	2.333
Nb86	5.88992
Nb87	3.15413
Nb87_m1	3.37313
Nb88	4.96932
Nb88_m1	5.46589
Nb89	2.4368
Nb89_m1	2.11334
Nb90	2.26553
Nb90_m1	0.122218
Nb90_m2	0.25717
Nb91	0.017697
Nb91_m1	0.12634
Nb92	1.51071
Nb92_m1	0.975255
Nb93_m1	0.0292909
Nb94	1.75992
Nb94_m1	0.0467322
Nb95	0.809004
Nb95_m1	0.249328
Nb96	2.71398
Nb97	1.13303
Nb97_m1	0.74336
Nb98	2.25849
Nb98_m1	3.55489
Nb99	1.74827
Nb99_m1	2.05708
Nd124	5.794
Nd125	6.862
Nd126	4.88563
Nd127	6.00533
Nd128	4.098
Nd129	5.026
Nd130	3.05282
Nd131	3.62093
Nd132	1.48393
Nd133	3.73682
Nd133_m1	3.82214
Nd134	0.711422
Nd135	2.21404
Nd135_m1	3.19041
Nd136	0.355693
Nd137	1.42289
Nd137_m1	0.515144
Nd138	0.0511752
Nd139	0.629477
Nd139_m1	1.67744
Nd140	0.0356637
Nd141	0.0928033
Nd141_m1	0.754357
Nd144	1.90363
Nd147	0.412241
Nd149	0.862924
Nd150	1.68384
Nd151	1.47203
Nd152	0.500903
Nd153	1.61899
Nd154	1.38324
Nd155	2.79768
Nd156	1.92568
Nd157	3.08997
Nd158	2.53421
Nd159	4.27001
Nd160	3.16654
Nd161	4.85856
Ne16	1.411
Ne17	10.4317
Ne18	2.60413
Ne19	1.98318
Ne23	2.06602
Ne24	0.872557
Ne25	3.58856
Ne26	3.48488
Ne27	8.2895
Ne28	7.72424
Ne29	9.71581
Ne30	9.47307
Ne31	12.1872
Ne32	12.126
Ne33	0.927
Ne34	14.7443
Ni48	5.1088
Ni49	14.4425
Ni50	9.80855
Ni51	10.5013
Ni52	7.46463
Ni53	8.67298
Ni54	5.85765
Ni55	4.64152
Ni56	1.72811
Ni57	2.09265
Ni59	0.00691557
Ni63	0.017425
Ni65	1.18632
Ni66	0.07333
Ni67	1.58381
Ni68	1.40215
Ni69	4.00003
Ni69_m1	4.05238
Ni70	2.5085
Ni71	4.87009
Ni72	3.42335
Ni73	6.40982
Ni74	4.63011
Ni75	6.71582
Ni76	5.09314
Ni77	5.5431
Ni78	5.4383
No250	0.17549
No251	8.8753
No251_m1	8.752
No252	5.7192
No253	8.42133
No254	7.47117
No254_m1	0.5
No255	5.67237
No256	8.53568
No257	8.38044
No259	5.44977
No261	7.49
Np225	8.7865
Np226	8.17212
Np227	7.81641
Np228	4.7532
Np229	5.31758
Np230	2.54523
Np231	1.31493
Np232	1.25612
Np233	0.101787
Np234	1.13369
Np235	0.0162036
Np236	0.392044
Np236_m1	0.14049
Np237	4.94446
Np238	0.835339
Np239	0.405162
Np240	1.65039
Np240_m1	0.9755
Np241	0.484772
Np242	1.1323
Np242_m1	1.8
Np243	1.41333
Np244	2.264
O12	0.45541
O13	11.8676
O14	4.09634
O15	1.75563
O19	2.725
O20	2.25484
O21	5.3337
O22	3.58184
O23	6.07456
O24	6.39961
O25	0.776
O26	0.28
O27	0.883
O28	0.731
Os162	6.76501
Os163	6.67747
Os164	6.44347
Os165	6.20425
Os166	5.7657
Os167	5.79841
Os168	4.6496
Os169	5.19269
Os170	3.53684
Os171	3.12558
Os172	2.86153
Os173	4.08058
Os174	2.45168
Os175	3.45574
Os176	1.97663
Os177	2.87976
Os178	1.40484
Os179	2.37741
Os180	0.988
Os181	1.97233
Os181_m1	2.01282
Os182	0.48715
Os183	0.69245
Os183_m1	1.0061
Os184	2.96342
Os185	0.708114
Os186	2.82312
Os189_m1	0.03081
Os190_m1	1.70122
Os191	0.0375
Os191_m1	0.07438
Os192_m1	2.01843
Os193	0.444334
Os194	0.0475329
Os195	1.332
Os196	0.774
P24	8.589
P25	1.695
P26	12.076
P27	7.77577
P28	9.32102
P29	2.81576
P30	2.46043
P32	0.6949
P33	0.07643
P34	2.63921
P35	2.60137
P36	8.02655
P37	5.26701
P38	7.54457
P39	6.26813
P40	9.16674
P41	8.72591
P42	10.6866
P43	11.5291
P44	12.5117
P45	12.8753
P46	15.1647
Pa212	8.4294
Pa213	8.3939
Pa214	8.2709
Pa215	8.24165
Pa216	8.03501
Pa217	8.484
Pa217_m1	8.04843
Pa218	9.76469
Pa219	10.0808
Pa220	9.8291
Pa221	9.2477
Pa222	8.847
Pa223	8.24819
Pa224	7.91007
Pa225	7.35853
Pa226	5.66183
Pa227	5.6959
Pa228	1.56087
Pa229	0.105217
Pa230	0.733823
Pa231	5.08003
Pa232	1.09693
Pa233	0.414556
Pa234	1.90947
Pa234_m1	0.828397
Pa235	0.94
Pa236	1.59572
Pa237	1.17854
Pa238	2.30667
Pa239	1.842
Pa240	2.73333
Pb178	7.79
Pb179	7.598
Pb180	7.41501
Pb181	7.252
Pb181_m1	7.252
Pb182	7.01108
Pb183	6.83653
Pb183_m1	7.025
Pb184	6.19821
Pb185	5.89046
Pb185_m1	6.0855
Pb186	4.79148
Pb187	5.07506
Pb187_m1	5.19659
Pb188	3.30805
Pb189	4.50548
Pb189_m1	4.50933
Pb190	2.62324
Pb191	4.02348
Pb191_m1	4.02362
Pb192	2.21103
Pb193	3.41624
Pb193_m1	3.41624
Pb194	1.11082
Pb195	2.96073
Pb195_m1	1.62935
Pb196	0.505566
Pb197	1.4906
Pb197_m1	1.39382
Pb198	0.513607
Pb199	1.07284
Pb199_m1	0.527176
Pb200	0.30547
Pb201	0.810502
Pb201_m1	0.62866
Pb202	0.00929528
Pb202_m1	2.08291
Pb203	0.377726
Pb203_m1	0.824813
Pb203_m2	2.17407
Pb204	1.968
Pb204_m1	2.19098
Pb205	0.00928268
Pb205_m1	1.0174
Pb207_m1	1.63318
Pb209	0.19735
Pb210	0.0443981
Pb211	0.51317
Pb212	0.314436
Pb213	1.36422
Pb214	0.525849
Pb215	1.934
Pd100	0.166921
Pd101	0.382488
Pd103	0.0202144
Pd107	0.00987
Pd107_m1	0.215337
Pd109	0.361438
Pd109_m1	0.18814
Pd111	0.879089
Pd111_m1	0.565
Pd112	0.0851569
Pd113	1.48639
Pd113_m1	0.0813728
Pd114	0.556826
Pd115	3.43333
Pd115_m1	2.801
Pd116	1.17002
Pd117	4.20052
Pd117_m1	0.205512
Pd118	1.98256
Pd119	3.97681
Pd120	2.89928
Pd121	5.4355
Pd122	3.67796
Pd123	6.01432
Pd124	4.55315
Pd125	6.2236
Pd126	4.86658
Pd91	8.346
Pd92	5.286
Pd93	6.57527
Pd94	4.53673
Pd95	5.5842
Pd95_m1	6.43125
Pd96	1.73387
Pd97	2.97151
Pd98	0.455865
Pd99	1.75671
Pm126	9.178
Pm127	4.1115
Pm128	8.09133
Pm129	6.19267
Pm130	7.41733
Pm131	5.35467
Pm132	6.526
Pm133	4.61648
Pm133_m1	2.372
Pm134	5.03181
Pm134_m1	5.93847
Pm135	4.15747
Pm135_m1	4.20325
Pm136	5.33423
Pm136_m1	5.33423
Pm137	2.60618
Pm138	4.71853
Pm138_m1	4.73184
Pm139	1.99034
Pm139_m1	0.185705
Pm140	3.9429
Pm140_m1	4.03013
Pm141	1.34454
Pm142	2.16895
Pm142_m1	0.8832
Pm143	0.323967
Pm144	1.58002
Pm145	0.0450556
Pm146	0.842771
Pm147	0.0617822
Pm148	1.30384
Pm148_m1	2.15997
Pm149	0.375934
Pm150	2.23979
Pm151	0.632735
Pm152	1.62334
Pm152_m1	2.39519
Pm152_m2	1.245
Pm153	0.782739
Pm154	2.6867
Pm154_m1	2.53349
Pm155	1.63119
Pm156	3.39842
Pm157	2.30553
Pm158	3.75263
Pm159	2.91154
Pm160	4.67451
Pm161	3.42838
Pm162	5.33758
Pm163	5.2
Po188	4.4444
Po189	7.69034
Po190	7.67602
Po191	7.50119
Po191_m1	6.9718
Po192	7.26385
Po193	7.49769
Po193_m1	7.09335
Po194	6.98698
Po195	6.2179
Po195_m1	6.761
Po196	6.58393
Po197	5.18418
Po197_m1	6.25431
Po198	4.71317
Po199	3.89869
Po199_m1	4.42802
Po200	2.68823
Po201	1.5399
Po201_m1	1.85458
Po202	1.94595
Po203	1.58471
Po203_m1	0.641127
Po204	1.51388
Po205	1.51907
Po205_m1	0.88
Po205_m2	1.461
Po206	1.57681
Po207	1.32037
Po207_m1	1.35795
Po208	5.21309
Po209	4.95656
Po210	5.40542
Po211	7.59177
Po211_m1	7.55842
Po212	8.95061
Po212_m1	11.8537
Po213	8.5336
Po214	7.8305
Po215	7.52553
Po216	6.90382
Po217	6.66022
Po218	6.11128
Po219	1.60333
Po220	0.742
Pr121	0.8896
Pr122	8.638
Pr123	6.66933
Pr124	7.756
Pr125	5.94933
Pr126	7.122
Pr127	5.104
Pr128	5.0517
Pr129	4.34263
Pr130	5.4983
Pr131	3.60465
Pr131_m1	0.280339
Pr132	4.83847
Pr133	2.99043
Pr134	3.74208
Pr134_m1	4.21465
Pr135	2.45957
Pr136	2.83712
Pr137	0.557732
Pr138	1.97637
Pr138_m1	2.66656
Pr139	0.176671
Pr140	1.09407
Pr142	0.867412
Pr142_m1	0.003694
Pr143	0.31512
Pr144	1.23739
Pr144_m1	0.0584665
Pr145	0.694069
Pr146	2.35988
Pr147	1.60249
Pr148	3.05661
Pr148_m1	3.3914
Pr149	2.11187
Pr150	2.61493
Pr151	2.5004
Pr152	3.75901
Pr153	3.21734
Pr154	4.92708
Pr155	3.83242
Pr156	5.57007
Pr157	4.40261
Pr158	5.51174
Pr159	4.35567
Pt166	7.28581
Pt167	7.14923
Pt168	6.9457
Pt169	6.84623
Pt170	6.70795
Pt171	6.59469
Pt172	6.33362
Pt173	6.22918
Pt174	5.58755
Pt175	5.81124
Pt176	4.32735
Pt177	4.5192
Pt178	3.0467
Pt179	3.87942
Pt180	2.36965
Pt181	3.39948
Pt182	1.9228
Pt183	2.94991
Pt183_m1	2.97333
Pt184	0.871765
Pt184_m1	1.83327
Pt185	2.43489
Pt185_m1	2.41135
Pt186	0.872323
Pt187	0.959284
Pt188	0.282957
Pt189	0.573391
Pt190	3.24184
Pt191	0.361914
Pt193	0.00886177
Pt193_m1	0.139897
Pt195_m1	0.241563
Pt197	0.26985
Pt197_m1	0.38965
Pt199	0.72187
Pt199_m1	0.42296
Pt200	0.446666
Pt201	1.77333
Pt202	0.65467
Pu228	7.94012
Pu229	7.59749
Pu230	7.17989
Pu231	1.78371
Pu232	1.27459
Pu233	1.4075
Pu234	0.624958
Pu235	0.759489
Pu236	5.87163
Pu237	0.0679175
Pu237_m1	0.145875
Pu238	5.58989
Pu239	5.24326
Pu240	5.25224
Pu241	0.00535553
Pu242	4.98221
Pu243	0.192329
Pu244	4.87928
Pu245	0.71962
Pu246	0.24322
Pu247	1.228
Ra202	8.01902
Ra203	7.73854
Ra203_m1	7.7296
Ra204	7.63556
Ra205	7.4864
Ra205_m1	7.4864
Ra206	7.41518
Ra207	6.97124
Ra207_m1	1.54939
Ra208	7.05538
Ra209	6.80448
Ra210	6.96712
Ra211	6.78265
Ra212	6.31151
Ra213	6.01008
Ra213_m1	1.82376
Ra214	7.26611
Ra215	8.83152
Ra216	9.52569
Ra217	9.15775
Ra218	8.54592
Ra219	8.1699
Ra220	7.58875
Ra221	7.1175
Ra222	6.67471
Ra223	5.96838
Ra224	5.78714
Ra225	0.118399
Ra226	4.86997
Ra227	0.573483
Ra228	0.0107112
Ra229	0.6268
Ra230	0.473333
Ra231	1.65267
Ra232	1
Ra233	2.17933
Ra234	1.41867
Rb100	6.92268
Rb101	6.23344
Rb102	8.15494
Rb71	2
Rb72	0.922
Rb73	0.57
Rb74	5.4744
Rb75	4.73665
Rb76	5.70197
Rb77	3.23027
Rb78	5.21749
Rb78_m1	4.79406
Rb79	2.25521
Rb80	3.22397
Rb81	0.631214
Rb81_m1	0.10915
Rb82	2.52042
Rb82_m1	2.99706
Rb83	0.499767
Rb84	1.05218
Rb84_m1	0.450905
Rb86	0.761991
Rb86_m1	0.556082
Rb87	0.0817
Rb88	2.72856
Rb89	3.20547
Rb90	4.17695
Rb90_m1	4.98096
Rb91	4.07781
Rb92	5.01406
Rb93	4.67461
Rb94	3.96055
Rb95	4.50761
Rb96	5.97982
Rb97	4.00505
Rb98	5.75496
Rb98_m1	8.45049
Rb99	5.44408
Re160	1.76739
Re161	1.19723
Re161_m1	6.20555
Re162	6.33179
Re162_m1	6.54509
Re163	5.96102
Re163_m1	6.08745
Re164	6.33326
Re164_m1	7.10387
Re165	5.56106
Re165_m1	5.52933
Re166	6.40987
Re167	4.83845
Re167_m1	5.279
Re168	6.06349
Re169	4.35468
Re169_m1	4.34008
Re170	5.58374
Re171	2.26458
Re172	5.04929
Re172_m1	5.04929
Re173	3.44901
Re174	4.36933
Re175	2.89633
Re176	2.26388
Re177	2.28837
Re178	3.17501
Re179	1.05672
Re180	1.35545
Re181	0.931173
Re182	1.99255
Re182_m1	1.29221
Re183	0.259178
Re183_m1	1.86965
Re184	0.950776
Re184_m1	0.517354
Re186	0.356963
Re186_m1	0.142834
Re187	0.0006177
Re188	0.838429
Re188_m1	0.160589
Re189	0.382981
Re190	2.02174
Re190_m1	1.31068
Re191	1.36333
Re192	2.74
Re193	2.12
Re194	3.332
Rf253	2.3875
Rf255	4.33344
Rf256	0.028575
Rf257	8.91906
Rf257_m1	8.91906
Rf258	1.2025
Rf259	8.39132
Rf261	6.75749
Rf261_m1	6.579
Rf262	0.247282
Rf264	8.14
Rg272	11.442
Rh100	2.79158
Rh100_m1	0.148191
Rh101	0.313593
Rh101_m1	0.327951
Rh102	0.670306
Rh102_m1	2.16436
Rh103_m1	0.0389107
Rh104	0.997408
Rh104_m1	0.126581
Rh105	0.231588
Rh105_m1	0.129226
Rh106	1.6195
Rh106_m1	3.21691
Rh107	0.749943
Rh108	2.16101
Rh108_m1	3.00333
Rh109	1.25975
Rh110	2.44322
Rh110_m1	3.56693
Rh111	1.77463
Rh112	4.37381
Rh112_m1	4.32785
Rh113	2.46354
Rh114	5.10806
Rh115	3.38944
Rh116	5.97582
Rh116_m1	5.35016
Rh117	4.21678
Rh118	6.37515
Rh119	4.60623
Rh120	7.14528
Rh121	5.1366
Rh122	7.32496
Rh123	5.71714
Rh89	8.05067
Rh90	8.61667
Rh90_m1	8.61667
Rh91	6.29533
Rh92	7.53474
Rh93	5.46465
Rh94	6.68809
Rh94_m1	6.58921
Rh95	3.41029
Rh95_m1	0.930515
Rh96	4.26177
Rh96_m1	1.74977
Rh97	1.95753
Rh97_m1	2.29317
Rh98	3.09304
Rh98_m1	0.370308
Rh99	1.3622
Rh99_m1	1.40292
Rn195	7.6941
Rn195_m1	7.74
Rn196	7.60211
Rn197	7.40741
Rn197_m1	7.4108
Rn198	7.30623
Rn199	6.99594
Rn199_m1	7.24984
Rn200	6.52233
Rn201	5.66954
Rn201_m1	5.66954
Rn202	5.9163
Rn203	5.73639
Rn203_m1	6.305
Rn204	5.47864
Rn205	4.21383
Rn206	4.795
Rn207	2.32561
Rn208	4.60193
Rn209	2.15414
Rn210	5.97687
Rn211	3.54766
Rn212	6.38184
Rn213	8.23444
Rn214	9.2084
Rn215	8.83538
Rn216	8.20008
Rn217	7.88369
Rn218	7.25979
Rn219	6.94267
Rn220	6.40242
Rn221	1.62728
Rn222	5.5883
Rn223	0.909611
Rn224	0.522
Rn225	1.39964
Rn226	0.934
Rn227	2.21733
Rn228	1.40133
Ru103	0.562233
Ru103_m1	0.235009
Ru105	1.15215
Ru106	0.01003
Ru107	1.41019
Ru108	0.545525
Ru109	2.71015
Ru110	1.19196
Ru111	3.98933
Ru112	2.20019
Ru113	3.65847
Ru113_m1	4.503
Ru114	3.10889
Ru115	5.50351
Ru116	3.80615
Ru117	5.26245
Ru118	4.20869
Ru119	6.48125
Ru120	4.83416
Ru87	7.83867
Ru88	4.85333
Ru89	6.18935
Ru90	3.8935
Ru91	5.16562
Ru91_m1	5.164
Ru92	2.83758
Ru93	3.49586
Ru93_m1	3.86702
Ru94	0.525158
Ru95	1.31754
Ru97	0.253721
S26	0.637
S27	12.1772
S28	7.35625
S29	8.76751
S30	3.68845
S31	3.03447
S35	0.048758
S37	3.73149
S38	2.18548
S39	3.97297
S40	2.90612
S41	5.47896
S42	4.82366
S43	6.39807
S44	7.23202
S45	8.01421
S46	9.232
S48	11.2153
S49	0.37
Sb103	7.194
Sb104	8.07226
Sb105	6.26478
Sb106	7.25359
Sb107	5.23934
Sb108	6.41731
Sb109	3.73394
Sb110	5.64035
Sb111	2.85856
Sb112	4.52611
Sb113	2.60886
Sb114	3.91363
Sb115	1.12166
Sb116	2.80975
Sb116_m1	3.19888
Sb117	0.215516
Sb118	1.67771
Sb118_m1	2.63562
Sb119	0.0462715
Sb119_m1	2.8417
Sb120	0.759915
Sb120_m1	2.51068
Sb122	1.00983
Sb122_m1	0.161579
Sb124	2.23513
Sb124_m1	0.555999
Sb124_m2	0.0246649
Sb125	0.533518
Sb126	3.12045
Sb126_m1	2.19727
Sb126_m2	0.0214016
Sb127	1.00542
Sb128	3.53088
Sb128_m1	2.84193
Sb129	1.77117
Sb129_m1	1.56396
Sb130	4.00181
Sb130_m1	3.40431
Sb131	2.36417
Sb132	3.70165
Sb132_m1	3.69435
Sb133	2.86374
Sb134	3.86978
Sb134_m1	4.95352
Sb135	3.52226
Sb136	5.14975
Sb137	3.5205
Sb138	6.31561
Sb139	4.13761
Sc36	3.47
Sc37	2.795
Sc38	1.413
Sc39	0.59681
Sc40	10.4418
Sc41	3.56336
Sc42	3.52886
Sc42_m1	5.46006
Sc43	1.40471
Sc44	2.73209
Sc44_m1	0.307298
Sc45_m1	0.0123196
Sc46	2.12143
Sc46_m1	0.142556
Sc47	0.27132
Sc48	3.57372
Sc49	0.824697
Sc50	4.82994
Sc50_m1	0.251242
Sc51	4.19193
Sc52	5.75698
Sc53	6.194
Sc54	7.94733
Sc55	8.05984
Sc56	7.942
Sc57	8.968
Sc58	10.8613
Sc59	9.87158
Sc60	12.072
Se65	9.34533
Se66	6.87133
Se67	6.67046
Se68	3.1367
Se69	4.16273
Se70	1.10431
Se71	2.97729
Se72	0.0563715
Se73	1.46614
Se73_m1	0.425442
Se75	0.403181
Se77_m1	0.161977
Se79	0.0558
Se79_m1	0.0954919
Se80	0.06628
Se81	0.618899
Se81_m1	0.102936
Se83	3.00616
Se83_m1	2.25382
Se84	0.948569
Se85	3.92299
Se86	3.60089
Se87	3.76907
Se88	3.55805
Se89	4.6624
Se90	4.15854
Se91	5.84874
Se92	5.12738
Se93	6.36063
Se94	5.38836
Sg259	8.046
Sg260	4.96143
Sg261	9.70594
Sg262	2.112
Sg263	6.5737
Sg263_m1	4.6955
Sg264	2.43794
Sg265	3.90324
Sg266	2.35171
Sg269	8.7
Si22	10.0614
Si23	12.2583
Si24	7.01323
Si25	8.27052
Si26	2.87499
Si27	2.74314
Si31	0.596447
Si32	0.06843
Si33	2.75738
Si34	3.0613
Si35	7.20824
Si36	5.02769
Si37	7.57618
Si38	6.06165
Si39	8.26902
Si40	8.35242
Si41	11.3996
Si42	10.368
Si43	12.7726
Si44	13.1513
Sm128	6.384
Sm129	7.12933
Sm130	5.54533
Sm131	6.35867
Sm132	4.31
Sm133	5.51933
Sm134	2.84935
Sm135	4.74677
Sm136	1.93992
Sm137	4.03166
Sm138	2.29502
Sm139	2.54823
Sm139_m1	0.66285
Sm140	0.686417
Sm141	2.12833
Sm141_m1	3.16705
Sm142	0.150246
Sm143	0.991268
Sm143_m1	0.750509
Sm143_m2	2.794
Sm145	0.0920701
Sm146	2.5274
Sm147	2.30876
Sm148	1.98452
Sm151	0.0198171
Sm153	0.328898
Sm153_m1	0.0886388
Sm155	0.670887
Sm156	0.316805
Sm157	1.42379
Sm158	1.10836
Sm159	1.84193
Sm160	1.47824
Sm161	3.35451
Sm162	2.20506
Sm163	4.02077
Sm164	3.02798
Sm165	4.12079
Sn100	4.84275
Sn101	5.75345
Sn102	3.84
Sn103	5.09412
Sn104	2.75688
Sn105	4.20172
Sn106	1.37355
Sn107	3.36792
Sn108	0.695248
Sn109	2.57041
Sn110	0.304091
Sn111	1.63455
Sn113	0.0297535
Sn113_m1	0.0717492
Sn117_m1	0.315632
Sn119_m1	0.0875892
Sn121	0.11582
Sn121_m1	0.0379866
Sn123	0.53006
Sn123_m1	0.621469
Sn125	1.13566
Sn125_m1	1.15079
Sn126	0.163855
Sn127	2.44398
Sn127_m1	1.66223
Sn128	0.856281
Sn128_m1	2.0909
Sn129	2.32211
Sn129_m1	2.73148
Sn130	1.39943
Sn130_m1	2.25457
Sn131	3.59376
Sn131_m1	3.11584
Sn132	2.01917
Sn133	3.81077
Sn134	3.359
Sn135	3.77959
Sn136	2.97784
Sn137	3.7041
Sn99	9.49596
Sr100	3.71473
Sr101	6.28723
Sr102	4.81543
Sr103	6.09356
Sr104	5.42595
Sr105	6.79732
Sr73	9.42067
Sr74	7.39333
Sr75	7.02761
Sr76	4.14424
Sr77	3.82381
Sr78	2.5082
Sr79	3.09687
Sr80	0.477912
Sr81	2.36825
Sr82	0.013279
Sr83	0.968295
Sr83_m1	0.257844
Sr85	0.50902
Sr85_m1	0.229912
Sr87_m1	0.38798
Sr89	0.585342
Sr90	0.1958
Sr91	1.34853
Sr92	1.54084
Sr93	2.95909
Sr94	2.25965
Sr95	3.6823
Sr96	2.90653
Sr97	4.10146
Sr98	2.96485
Sr99	4.35846
Ta155	1.776
Ta156	1.0136
Ta156_m1	7.80558
Ta157	6.17024
Ta157_m1	6.37232
Ta157_m2	7.9413
Ta158	6.23751
Ta158_m1	6.32595
Ta159	5.62978
Ta159_m1	5.70044
Ta160	6.27998
Ta160_m1	6.079
Ta161	5.05667
Ta162	6.25961
Ta163	4.49731
Ta164	4.38409
Ta165	3.8536
Ta166	3.86123
Ta167	3.41113
Ta168	3.3524
Ta169	2.95097
Ta170	2.64819
Ta171	2.47405
Ta172	2.25888
Ta173	0.740081
Ta174	1.44016
Ta175	1.02125
Ta176	2.30419
Ta176_m1	0.103
Ta176_m2	2.771
Ta177	0.0896821
Ta178	0.157645
Ta178_m1	1.29133
Ta178_m2	1.467
Ta179	0.0339692
Ta179_m1	1.317
Ta179_m2	2.6395
Ta180	0.102506
Ta182	1.51561
Ta182_m1	0.0121755
Ta182_m2	0.505171
Ta183	0.634328
Ta184	2.12665
Ta185	0.874515
Ta185_m1	1.258
Ta186	2.42838
Ta187	2.09267
Ta188	3.236
Ta189	2.43267
Ta190	3.734
Tb135	1.188
Tb136	8.688
Tb137	3.935
Tb138	8.098
Tb139	6.24133
Tb140	7.52862
Tb141	5.78892
Tb141_m1	5.78892
Tb142	5.35526
Tb142_m1	0.2802
Tb143	5.20879
Tb143_m1	5.19866
Tb144	4.85849
Tb144_m1	2.48062
Tb145	4.69768
Tb145_m1	4.69733
Tb146	4.32112
Tb146_m1	5.16456
Tb146_m2	0.78
Tb147	2.64361
Tb147_m1	2.20998
Tb148	3.1773
Tb148_m1	3.46715
Tb149	2.12375
Tb149_m1	1.22517
Tb150	3.10572
Tb150_m1	3.42105
Tb151	1.06447
Tb151_m1	0.154586
Tb152	1.67258
Tb152_m1	1.03017
Tb153	0.4027
Tb154	2.36529
Tb154_m1	1.85138
Tb154_m2	2.32488
Tb155	0.21664
Tb156	2.01429
Tb156_m1	0.0486049
Tb156_m2	0.0889759
Tb157	0.0169415
Tb158	0.913607
Tb158_m1	0.108458
Tb160	1.38264
Tb161	0.236913
Tb162	1.63661
Tb163	1.15031
Tb164	2.98758
Tb165	1.76719
Tb166	3.22
Tb167	2.72867
Tb168	4.04333
Tb169	3.574
Tb170	4.782
Tb171	4.24133
Tc100	1.39364
Tc101	0.816003
Tc102	2.02596
Tc102_m1	3.30812
Tc103	1.22944
Tc104	4.16
Tc105	2.589
Tc106	4.589
Tc107	3.085
Tc108	5.00022
Tc109	3.25139
Tc110	5.75117
Tc111	4.14389
Tc112	6.59124
Tc113	5.08069
Tc114	6.66821
Tc115	5.22777
Tc116	7.03421
Tc117	5.73163
Tc118	7.39315
Tc85	7.65
Tc86	8.542
Tc86_m1	1.524
Tc87	6.12855
Tc88	7.33831
Tc88_m1	7.33831
Tc89	5.08006
Tc89_m1	5.12129
Tc90	5.10047
Tc90_m1	6.6337
Tc91	4.14754
Tc91_m1	4.1998
Tc92	5.37903
Tc93	1.61232
Tc93_m1	0.900028
Tc94	2.69522
Tc94_m1	2.70918
Tc95	0.803402
Tc95_m1	0.703397
Tc96	2.51199
Tc96_m1	0.0744322
Tc97	0.0175879
Tc97_m1	0.092671
Tc98	1.51576
Tc99	0.0552019
Tc99_m1	0.142219
Te105	4.636
Te106	4.28377
Te107	4.82916
Te108	3.94651
Te109	5.56298
Te110	3.47992
Te111	4.83284
Te112	2.68882
Te113	3.55595
Te114	1.18838
Te115	2.91761
Te115_m1	2.59135
Te116	0.1734
Te117	1.77143
Te117_m1	0.295692
Te118	0.0263625
Te119	0.78313
Te119_m1	1.51325
Te121	0.588095
Te121_m1	0.295578
Te123	0.0032851
Te123_m1	0.248824
Te125_m1	0.145459
Te127	0.229462
Te127_m1	0.092184
Te128	0.433975
Te129	0.608658
Te129_m1	0.308948
Te130	1.26515
Te131	1.13083
Te131_m1	1.562
Te132	0.343595
Te133	1.88449
Te133_m1	1.93604
Te134	1.0946
Te135	2.79264
Te136	3.35856
Te137	6.04198
Te138	3.96682
Te139	4.93324
Te140	3.94832
Te141	5.8848
Te142	4.25728
Th209	8.238
Th210	8.04946
Th211	7.9429
Th212	7.93806
Th213	7.83645
Th214	7.82598
Th215	7.65933
Th216	8.06869
Th217	9.39363
Th218	9.84336
Th219	9.51059
Th220	8.95303
Th221	8.58491
Th222	8.11486
Th223	7.57091
Th224	7.25814
Th225	6.27406
Th226	6.44704
Th227	6.22537
Th228	5.52199
Th229	5.2542
Th230	4.75953
Th231	0.165303
Th232	4.07889
Th233	0.456152
Th234	0.0665201
Th235	0.715191
Th236	0.37352
Th237	1.70667
Th238	1.23733
Ti38	0.962
Ti39	12.2025
Ti40	8.35136
Ti41	8.89275
Ti42	4.02185
Ti43	3.83892
Ti44	0.150439
Ti45	1.24317
Ti51	1.23864
Ti52	0.884544
Ti53	3.31216
Ti54	2.86513
Ti55	3.89835
Ti56	4.76222
Ti57	7.09656
Ti58	6.36867
Ti59	8.056
Ti60	7.35467
Ti61	9.32133
Ti62	8.59467
Ti63	9.50512
Tl176	1.265
Tl177	5.47265
Tl178	7.36283
Tl179	6.71375
Tl179_m1	6.71767
Tl180	7.28287
Tl181	5.34945
Tl181_m1	0.832069
Tl182	6.8061
Tl183	5.38866
Tl183_m1	2.79817
Tl184	6.30888
Tl185	4.28004
Tl185_m1	0.50735
Tl186	5.56613
Tl186_m1	0.374
Tl187	3.7829
Tl187_m1	2.17714
Tl188	4.04533
Tl188_m1	5.304
Tl188_m2	0.369
Tl189	3.35238
Tl189_m1	3.52467
Tl190	4.69144
Tl190_m1	4.69144
Tl191	2.8738
Tl191_m1	2.87462
Tl192	4.09278
Tl192_m1	4.19733
Tl193	0.976459
Tl193_m1	0.900916
Tl194	1.68044
Tl194_m1	2.55295
Tl195	1.299
Tl195_m1	0.481241
Tl196	1.63684
Tl196_m1	2.04292
Tl197	0.50562
Tl197_m1	0.604612
Tl198	2.02446
Tl198_m1	1.33456
Tl198_m2	0.481154
Tl199	0.307388
Tl199_m1	0.750883
Tl200	1.35621
Tl200_m1	0.752942
Tl201	0.127778
Tl201_m1	0.918003
Tl202	0.487677
Tl204	0.23844
Tl206	0.539687
Tl206_m1	2.64169
Tl207	0.494019
Tl207_m1	1.34778
Tl208	3.97668
Tl209	2.82471
Tl210	3.79456
Tl211	3.032
Tl212	4.066
Tm145	1.7401
Tm146	5.0425
Tm146_m1	4.96
Tm147	6.21356
Tm148	8.476
Tm149	6.46443
Tm150	7.48067
Tm150_m1	0.672
Tm151	4.21907
Tm151_m1	2.67344
Tm152	5.81973
Tm152_m1	5.81973
Tm153	5.05146
Tm153_m1	5.21583
Tm154	5.26006
Tm154_m1	5.2456
Tm155	3.72766
Tm155_m1	3.76661
Tm156	4.91499
Tm157	3.14038
Tm158	3.33522
Tm159	2.66465
Tm160	3.83745
Tm160_m1	0.410601
Tm161	2.20683
Tm162	3.23937
Tm162_m1	0.615481
Tm163	1.34818
Tm164	1.31199
Tm164_m1	0.5684
Tm165	0.591152
Tm166	2.07676
Tm166_m1	0.1093
Tm167	0.276996
Tm168	1.34679
Tm170	0.332045
Tm171	0.0260472
Tm172	1.00024
Tm173	0.697645
Tm174	2.28331
Tm175	1.59
Tm176	2.74667
Tm177	2.34667
Tm178	3.734
Tm179	3.2
U217	8.1556
U218	8.78645
U219	9.8568
U220	6.034
U222	9.5
U223	8.93749
U224	8.61982
U225	8.01438
U226	7.70851
U227	7.19556
U228	6.47334
U229	1.99515
U230	5.99276
U231	0.146339
U232	5.41071
U233	4.8945
U234	4.85518
U235	4.61919
U235_m1	5.68e-05
U236	4.56209
U237	0.308358
U238	4.26723
U239	0.460303
U240	0.134067
U241	1.26666
U242	0.425763
V40	2.11
V41	1.533
V42	0.219
V43	7.53133
V44	8.74149
V44_m1	9.39263
V45	3.873
V46	3.83629
V46_m1	0.801101
V47	1.7982
V48	3.0661
V49	0.00445144
V50	1.43935
V52	2.51366
V53	2.0472
V54	5.57665
V55	3.07161
V56	6.13409
V57	5.55562
V58	7.75066
V59	7.21662
V60	9.28441
V61	8.43467
V62	10.5113
V63	9.22542
V64	11.7553
V65	10.6938
W158	6.60816
W159	6.45011
W160	5.84137
W161	5.81779
W162	4.67791
W163	5.14408
W164	3.43871
W165	4.66283
W166	1.1385
W167	4.17521
W168	2.33588
W169	3.58177
W170	1.8962
W171	3.08946
W172	1.48853
W173	2.4461
W174	1.00912
W175	1.85057
W176	0.48
W177	0.902361
W178	0.0282731
W179	0.0695636
W179_m1	0.220303
W180	2.50812
W180_m1	1.529
W181	0.0518486
W182	1.77183
W183	1.68
W183_m1	0.298762
W184	1.65618
W185	0.126896
W185_m1	0.194556
W186	1.118
W186_m1	3.543
W187	0.817734
W188	0.101444
W189	1.66667
W190	0.614678
W190_m1	2.381
W191	2.16
W192	1.4
Xe110	4.53
Xe111	6.708
Xe112	4.67852
Xe113	6.01805
Xe114	3.80667
Xe115	5.11842
Xe116	2.96367
Xe117	4.16608
Xe118	1.928
Xe119	3.31408
Xe120	0.440884
Xe121	2.01578
Xe122	0.0783377
Xe123	0.841557
Xe125	0.305129
Xe125_m1	0.251915
Xe127	0.312676
Xe127_m1	0.296794
Xe129_m1	0.234804
Xe131_m1	0.162932
Xe132_m1	2.75209
Xe133	0.18306
Xe133_m1	0.232565
Xe134	0.41269
Xe134_m1	1.9698
Xe135	0.56798
Xe135_m1	0.526729
Xe136	1.2309
Xe137	1.88905
Xe138	1.82646
Xe139	2.83499
Xe140	2.23124
Xe141	3.10138
Xe142	2.883
Xe143	4.84199
Xe144	3.51119
Xe145	5.34933
Xe146	4.12973
Xe147	5.14864
Y100	5.30387
Y100_m1	6.1286
Y101	4.42866
Y102	6.21021
Y102_m1	6.21021
Y103	4.98435
Y104	6.98495
Y105	5.7542
Y106	6.92459
Y107	5.70101
Y108	6.27916
Y76	5.58017
Y77	7.35
Y78	7.098
Y78_m1	7.098
Y79	4.74667
Y80	5.71618
Y80_m1	1.37471
Y81	3.2909
Y82	5.29714
Y83	2.6055
Y83_m1	1.48195
Y84	5.11779
Y84_m1	3.81058
Y85	2.17408
Y85_m1	1.85059
Y86	3.79612
Y86_m1	0.243759
Y87	0.453069
Y87_m1	0.38665
Y88	2.70168
Y88_m1	0.392864
Y88_m2	0.674549
Y89_m1	0.909021
Y90	0.933016
Y90_m1	0.680004
Y91	0.606173
Y91_m1	0.555545
Y92	1.70165
Y93	1.26798
Y93_m1	0.758655
Y94	2.58731
Y95	2.60554
Y96	3.28586
Y96_m1	5.93834
Y97	3.96804
Y97_m1	4.56623
Y97_m2	3.09925
Y98	5.58072
Y98_m1	5.26789
Y99	3.94367
Yb148	5.94933
Yb149	8.1495
Yb150	5.25333
Yb151	6.15859
Yb151_m1	6.13405
Yb152	2.37101
Yb153	4.40973
Yb154	5.29092
Yb155	5.20016
Yb156	2.62628
Yb157	3.51719
Yb158	1.7923
Yb159	3.15162
Yb160	0.338433
Yb161	2.703
Yb162	0.286308
Yb163	2.28724
Yb164	0.0630233
Yb165	0.453196
Yb166	0.126679
Yb167	0.343755
Yb169	0.430131
Yb169_m1	0.0217957
Yb171_m1	0.0953
Yb175	0.200697
Yb175_m1	0.515
Yb176_m1	1.0529
Yb177	0.625789
Yb177_m1	0.330987
Yb178	0.429805
Yb179	1.58821
Yb180	1.52067
Yb181	2.6
Zn54	2.33
Zn55	11.4447
Zn56	8.706
Zn57	10.1793
Zn58	6.24599
Zn59	4.85595
Zn60	2.64376
Zn61	3.38422
Zn61_m1	0.0884
Zn61_m2	0.4181
Zn62	0.473103
Zn63	2.01608
Zn65	0.582841
Zn69	0.321604
Zn69_m1	0.438444
Zn70	0.49923
Zn71	1.35913
Zn71_m1	2.06962
Zn72	0.245198
Zn73	1.87471
Zn73_m1	1.36864
Zn73_m2	0.1955
Zn74	1.39158
Zn75	3.7229
Zn76	2.03228
Zn77	4.38849
Zn77_m1	3.04472
Zn78	3.7383
Zn79	6.55171
Zn80	5.27306
Zn81	7.09251
Zn82	5.32612
Zn83	6.73698
Zr100	1.60675
Zr101	2.73955
Zr102	2.15927
Zr103	4.05028
Zr104	3.41658
Zr105	4.43357
Zr106	3.81469
Zr107	5.77513
Zr108	4.42812
Zr109	6.43355
Zr110	5.12792
Zr78	7.04617
Zr79	6.964
Zr80	3.7541
Zr81	4.8757
Zr82	2.74667
Zr83	3.48454
Zr84	1.64846
Zr85	2.78312
Zr85_m1	0.533109
Zr86	0.322062
Zr87	1.74905
Zr87_m1	0.335907
Zr88	0.407857
Zr89	0.352557
Zr89_m1	0.66629
Zr90_m1	2.34486
Zr93	0.0190512
Zr95	0.85013
Zr96	1.674
Zr97	0.864261
Zr98	1.14927
Zr99	2.47337
