# GNDS name	thermal_barn	fast14mev_barn
# Thermal totals: NIST NCNR bound XS converted to free-atom via
# xs*(A/(A+1))^2 + xs_a. Fast totals: ENDF/B-VII.1 MF3/MT1 at 14 MeV.
# Screening-level only: use evaluated libraries for transport.
# Regenerate: python3 scripts/gen-nuclear-data.py --endf-neutrons <vii1-neutrons-dir> --endf-decay <vii1-decay-dir> --nist-html <scattering_lengths.html> --out <dir>.
Ag107	44.7654	4.258
Ag109	93.4548	4.39596
Al27	1.62856	1.744
Ar36	78.9461	1.88817
Ar38	2.22406	1.94393
Ar40	1.06071	2.29042
As75	9.85622	3.39291
Au197	106.322	5.2951
B10	3837.56	1.4676
B11	4.8539	1.41513
Ba130	31.5757	5.07875
Ba132	14.4861	5.0783
Ba134	6.01978	5.07827
Ba135	8.95311	5.078
Ba136	3.66593	5.0779
Ba137	9.90758	5.07797
Ba138	3.16785	5.007
Be9	6.1879	1.52753
Bi209	9.10281	5.34764
Br79	16.8119	3.84088
Br81	8.39843	3.84134
Ca40	3.17026	2.1567
Ca42	2.03472	2.1553
Ca43	6.96405	2.1761
Ca44	1.11901	2.1975
Ca46	2.27264	2.2425
Ca48	1.10823	2.2894
Cd106	4.04233	4.48012
Cd108	4.73242	4.381
Cd110	15.3211	4.42
Cd111	29.5004	4.48012
Cd112	7.21013	4.458
Cd113	20612.2	4.53
Cd114	7.31706	4.495
Cd116	4.9899	4.531
Ce136	11.4685	4.91337
Ce138	6.65914	4.83454
Ce140	3.46845	4.89614
Ce142	3.75042	5.10152
Cl35	64.7057	2.02377
Cl37	1.56119	2.10866
Cm244	27.4079	5.9352
Cm246	12.1719	5.92186
Cm248	10.4399	5.95301
Co59	42.5949	2.70798
Cr50	18.2414	2.41771
Cr52	3.68829	2.41771
Cr53	25.9509	2.41771
Cr54	2.86631	2.41771
Cs133	32.842	4.90414
Cu63	9.53877	2.9093
Cu65	16.2339	2.9588
Dy156	37.6403	5.24316
Dy158	47.9373	5.23272
Dy160	61.5307	5.27159
Dy161	615.803	5.36328
Dy162	194.247	5.38243
Dy163	127.26	5.38427
Dy164	3143.29	5.41701
Er162	28.5813	5.4354
Er164	21.2985	5.4688
Er166	33.5316	5.5021
Er167	660.186	5.5187
Er168	9.55858	5.5353
Er170	17.2647	5.502
Eu151	9108.49	5.15233
Eu153	321.673	5.23515
F19	3.63584	1.7609
Fe54	4.37073	2.51094
Fe56	14.578	2.5998
Fe57	3.44581	2.5983
Fe58	28.3389	2.5983
Ga69	9.84618	3.1933
Ga71	8.69573	3.2771
Gd152	747.831	5.17898
Gd154	97.8328	5.14352
Gd155	61165.2	5.18257
Gd156	6.43651	5.17749
Gd157	260031	5.17084
Gd158	12.0746	5.1858
Gd160	11.1597	5.22666
Ge70	15.2476	3.22494
Ge72	9.65239	3.30326
Ge73	19.6738	3.34112
Ge74	7.40928	3.37609
Ge76	7.95356	3.4459
H1	20.8401	0.687144
H2	3.39607	0.81
H3	1.70437	0.99031
He3	5336.38	1.17003
He4	0.8576	1.06574
Hf174	575.829	5.33388
Hf176	28.938	5.37211
Hf177	373.198	5.38226
Hf178	88.351	5.50791
Hf179	48.0213	5.40363
Hf180	34.6987	5.4847
Hg196	3193.84	5.2034
Hg199	2215.34	5.23533
Ho165	73.0189	5.33125
I127	9.9007	4.79
In113	15.5862	4.63957
In115	204.526	4.63944
K39	4.01076	2.01241
K40	36.5229	2.04648
K41	2.60354	2.08421
Kr86	8.01558	3.84165
La138	65.3781	5.05506
La139	18.4525	4.9258
Li6	940.713	1.449
Li7	1.11728	1.44165
Lu175	28.1184	5.2574
Lu176	2070.83	5.26
Mg24	3.76405	1.74739
Mg25	1.97439	1.82299
Mg26	2.82009	1.84776
Mn55	15.3739	2.48845
Mo100	5.97788	4.2025
Mo92	5.89066	4.07231
Mo94	5.70333	4.07231
Mo95	19.4653	4.07098
Mo96	5.23093	4.07231
Mo97	9.45584	4.07231
Mo98	5.45766	4.07231
N14	11.9539	1.56902
N15	4.57913	1.65
Na23	3.54236	1.7151
Nb93	7.27262	3.966
Nd142	26.0955	5.05901
Nd143	415.893	5.15382
Nd144	4.58625	5.06793
Nd145	71.5904	5.1921
Nd146	10.7712	5.1216
Nd148	6.54515	5.22953
Nd150	4.6538	5.2992
Ni58	29.8228	2.69052
Ni60	3.85781	2.77742
Ni61	11.4056	2.75544
Ni62	23.7008	2.75544
Ni64	1.53648	2.75544
O16	3.74886	1.59215
O17	3.9823	1.67803
P31	3.28023	1.8818
Pb204	12.8303	5.2377
Pb206	10.6071	5.2633
Pb207	11.4152	5.2761
Pb208	11.2322	5.385
Pd102	10.7551	4.22298
Pd104	7.95782	4.26544
Pd105	24.5136	4.38197
Pd106	5.30912	4.30199
Pd108	10.6116	4.33458
Pd110	7.59147	4.36618
Pr141	14.1227	5.06505
Pu238	582.791	5.86069
Pu239	1024.94	5.8698
Pu240	291.127	5.89571
Pu242	26.6326	5.96895
Rb85	7.02509	3.84195
Rb87	7.05955	3.8423
Re185	122.585	5.1329
Re187	88.1737	5.1559
Rh103	149.312	4.26868
S32	1.46903	1.73699
S33	3.46033	1.76188
S34	1.66138	1.77993
S36	1.19134	1.82525
Sb121	9.78306	4.686
Sb123	7.38153	4.686
Sc45	49.9894	2.19974
Se74	51.8974	3.84043
Se76	103.217	3.8408
Se77	50.4296	3.84055
Se78	8.71617	3.84114
Se80	7.46749	3.84152
Se82	4.97305	3.84139
Si28	2.15331	1.75456
Si29	2.69876	1.75456
Si30	2.57942	1.75456
Sm144	1.68625	5.00177
Sm147	95.4748	5.03677
Sm148	3.38662	5.09433
Sm149	42277.3	5.05205
Sm150	128.67	5.14325
Sm152	209.06	5.15555
Sm154	19.2585	5.18682
Sn112	5.42071	4.64
Sn114	4.83088	4.63944
Sn115	34.7176	4.63944
Sn116	4.48477	4.63939
Sn117	7.80549	4.63909
Sn118	4.77251	4.63893
Sn119	7.11701	4.63873
Sn120	5.34292	4.63889
Sn122	4.25296	4.63851
Sn124	4.54161	4.63822
Sr84	6.72965	3.71454
Sr86	4.98766	4.33432
Sr87	23.2328	4.33428
Sr88	6.33454	3.6925
Ta180	569.923	5.1209
Ta181	26.4441	5.331
Tb159	30.1548	5.26275
Te120	5.74239	4.97549
Te122	5.17085	4.97543
Te123	418.512	4.97549
Te124	14.6725	4.9755
Te125	4.67972	4.97553
Te126	4.85914	4.97589
Te128	4.50767	4.97574
Te130	4.7708	4.808
Ti46	3.51159	2.2555
Ti47	4.76806	2.27934
Ti48	12.3021	2.30338
Ti49	5.46536	2.32746
Ti50	4.79261	2.35139
Tl203	17.6186	5.24179
Tl205	11.3936	5.26374
Tm169	106.305	5.46368
U233	587.49	5.75726
U234	119.236	5.73798
U235	694.782	5.83069
U238	11.4769	5.85825
V50	67.4971	2.36499
V51	9.79611	2.35559
W180	32.9669	5.31186
W182	26.7335	5.33242
W183	15.7382	5.48484
W184	8.65421	5.38053
W186	37.9643	5.30432
Y89	8.80984	3.85796
Zn64	4.24558	3.01723
Zn66	4.96727	3.07584
Zn67	14.0422	3.10019
Zn68	5.5385	3.14325
Zn70	4.46613	3.21208
Zr90	4.99953	3.81862
Zr91	10.6603	3.86732
Zr92	6.97241	3.94525
Zr94	8.27399	4.01712
Zr96	3.74495	4.12102
